time,density_n_site_1,positive_p_n_site_1
0.000000000000000000e+00,1.000000000000000000e+00,1.000996393774797655e+00
2.000000000000000042e-03,9.980019986625470185e-01,9.989436215323440615e-01
4.000000000000000083e-03,9.960079893425592967e-01,9.967486045862565813e-01
6.000000000000000125e-03,9.940179640556887630e-01,9.947065355138152709e-01
8.000000000000000167e-03,9.920319148467442449e-01,9.927737211807133866e-01
1.000000000000000021e-02,9.900498337738465882e-01,9.904723254977767510e-01
1.200000000000000025e-02,9.880717129700790080e-01,9.888648735870340101e-01
1.400000000000000029e-02,9.860975445454870369e-01,9.865202389635462366e-01
1.600000000000000033e-02,9.841273206070283441e-01,9.849923935882659576e-01
1.800000000000000211e-02,9.821610332616605987e-01,9.830470933787862631e-01
2.000000000000000042e-02,9.801986746163415809e-01,9.815175476171655866e-01
2.199999999999999872e-02,9.782402367780287378e-01,9.804453141080763379e-01
2.400000000000000050e-02,9.762857118536798495e-01,9.777333613763852238e-01
2.600000000000000228e-02,9.743350919502525853e-01,9.761678941855049807e-01
2.800000000000000058e-02,9.723883692239282395e-01,9.739465554420784210e-01
2.999999999999999889e-02,9.704455361999415608e-01,9.717017954482508602e-01
3.200000000000000067e-02,9.685065851671246229e-01,9.698839133161153425e-01
3.400000000000000244e-02,9.665715083394995633e-01,9.677494251359781696e-01
3.600000000000000422e-02,9.646402979310887416e-01,9.661045504299269338e-01
3.799999999999999906e-02,9.627129461559141843e-01,9.628652014369480927e-01
4.000000000000000083e-02,9.607894452279985842e-01,9.615518185099506399e-01
4.200000000000000261e-02,9.588697873613636347e-01,9.598340194647100310e-01
4.399999999999999745e-02,9.569539647700320284e-01,9.580182934044402243e-01
4.599999999999999922e-02,9.550419696757529442e-01,9.560263938732541655e-01
4.800000000000000100e-02,9.531337946171857256e-01,9.543648321386934974e-01
5.000000000000000278e-02,9.512294320925015478e-01,9.514276318857571857e-01
5.200000000000000455e-02,9.493288744830657988e-01,9.498822058921174705e-01
5.399999999999999939e-02,9.474321141855419626e-01,9.479060240635923673e-01
5.600000000000000117e-02,9.455391436118912862e-01,9.467826202393265778e-01
5.800000000000000294e-02,9.436499551893732241e-01,9.450156085315242205e-01
5.999999999999999778e-02,9.417645413605449933e-01,9.434208342014619442e-01
6.199999999999999956e-02,9.398828945832616855e-01,9.413421504683694430e-01
6.400000000000000133e-02,9.380050073306765990e-01,9.397384359463242243e-01
6.600000000000000311e-02,9.361308720912407955e-01,9.373604759870266534e-01
6.800000000000000488e-02,9.342604813687032106e-01,9.352241412392023889e-01
7.000000000000000666e-02,9.323938276821109872e-01,9.344980999529231003e-01
7.200000000000000844e-02,9.305309035658089201e-01,9.326178316883740882e-01
7.399999999999999634e-02,9.286717015694399002e-01,9.305310538475157767e-01
7.599999999999999811e-02,9.268162142579448037e-01,9.285511555618805035e-01
7.799999999999999989e-02,9.249644342115624918e-01,9.267808203394670707e-01
8.000000000000000167e-02,9.231163540258294775e-01,9.252223193146996705e-01
8.200000000000000344e-02,9.212719663111116342e-01,9.240107793727887486e-01
8.400000000000000522e-02,9.194312636764826463e-01,9.225004995863298474e-01
8.600000000000000699e-02,9.175942387513725818e-01,9.216151214778082190e-01
8.799999999999999489e-02,9.157608841875823913e-01,9.207338676327758709e-01
8.999999999999999667e-02,9.139311926519172458e-01,9.195221695533680739e-01
9.199999999999999845e-02,9.121051568261866471e-01,9.180700437582831608e-01
9.400000000000000022e-02,9.102827694072044284e-01,9.160245544418119668e-01
9.600000000000000200e-02,9.084640231067884208e-01,9.137466770008355610e-01
9.800000000000000377e-02,9.066489106517604535e-01,9.115630551774762669e-01
1.000000000000000056e-01,9.048374247839466866e-01,9.096430362351858312e-01
1.020000000000000073e-01,9.030295582601777227e-01,9.079620253345361824e-01
1.040000000000000091e-01,9.012253038522880511e-01,9.059346303572357595e-01
1.059999999999999970e-01,8.994246543471166033e-01,9.047385773323750602e-01
1.079999999999999988e-01,8.976276025465060870e-01,9.027742598709415089e-01
1.100000000000000006e-01,8.958341412673038739e-01,9.013939548669314128e-01
1.120000000000000023e-01,8.940442633413613338e-01,8.998973744998151059e-01
1.140000000000000041e-01,8.922579616155337234e-01,8.977892501737368969e-01
1.160000000000000059e-01,8.904752289516811858e-01,8.955031783735458717e-01
1.180000000000000077e-01,8.886960582251018925e-01,8.942705736540947914e-01
1.199999999999999956e-01,8.869204422760497142e-01,8.931479427304175323e-01
1.219999999999999973e-01,8.851483739770688031e-01,8.909845558083133721e-01
1.239999999999999991e-01,8.833798462368176452e-01,8.888046230842402418e-01
1.260000000000000009e-01,8.816148519782878168e-01,8.871331496311838372e-01
1.280000000000000027e-01,8.798533841388040955e-01,8.845205044212387513e-01
1.300000000000000044e-01,8.780954356700242380e-01,8.818597869981533721e-01
1.320000000000000062e-01,8.763409995379393136e-01,8.798516405079763736e-01
1.340000000000000080e-01,8.745900687228731485e-01,8.781288204017175802e-01
1.360000000000000098e-01,8.728426362194831034e-01,8.774950072159386494e-01
1.380000000000000115e-01,8.710986950367592963e-01,8.755351008783904820e-01
1.400000000000000133e-01,8.693582381980251572e-01,8.748185794782230573e-01
1.420000000000000151e-01,8.676212587409372068e-01,8.732886646296863509e-01
1.440000000000000169e-01,8.658877497174849447e-01,8.716517637524534567e-01
1.459999999999999909e-01,8.641577041939910719e-01,8.698671102851298631e-01
1.479999999999999927e-01,8.624311152511113798e-01,8.678179392272985515e-01
1.499999999999999944e-01,8.607079759838348609e-01,8.657642962849687596e-01
1.519999999999999962e-01,8.589882795014833761e-01,8.636647235962039426e-01
1.539999999999999980e-01,8.572720189277122094e-01,8.617297624751095730e-01
1.559999999999999998e-01,8.555591874005095132e-01,8.598089192409095194e-01
1.580000000000000016e-01,8.538497780721965302e-01,8.577195582698393661e-01
1.600000000000000033e-01,8.521437841094279264e-01,8.558990798653066667e-01
1.620000000000000051e-01,8.504411986931911249e-01,8.547706599807358696e-01
1.640000000000000069e-01,8.487420150188068613e-01,8.536017890624161275e-01
1.660000000000000087e-01,8.470462262959287392e-01,8.532915158605430817e-01
1.680000000000000104e-01,8.453538257485437857e-01,8.508717512045798070e-01
1.700000000000000122e-01,8.436648066149720071e-01,8.487342998063526212e-01
1.720000000000000140e-01,8.419791621478663890e-01,8.464275131894992699e-01
1.740000000000000158e-01,8.402968856142131182e-01,8.447214499011993505e-01
1.759999999999999898e-01,8.386179702953316939e-01,8.430398158981461387e-01
1.779999999999999916e-01,8.369424094868743724e-01,8.406839824337623002e-01
1.799999999999999933e-01,8.352701964988267225e-01,8.378638728824120419e-01
1.819999999999999951e-01,8.336013246555072920e-01,8.350414670645999182e-01
1.839999999999999969e-01,8.319357872955680522e-01,8.331560997608922214e-01
1.859999999999999987e-01,8.302735777719936205e-01,8.310163065746117850e-01
1.880000000000000004e-01,8.286146894521020378e-01,8.303012520409465136e-01
1.900000000000000022e-01,8.269591157175443241e-01,8.289073839877546535e-01
1.920000000000000040e-01,8.253068498833482369e-01,8.276933690359254969e-01
1.940000000000000058e-01,8.236578851941414037e-01,8.258307363382072497e-01
1.960000000000000075e-01,8.220122150487606527e-01,8.257065699534094083e-01
1.980000000000000093e-01,8.203698328632330616e-01,8.242028410986412812e-01
2.000000000000000111e-01,8.187307320672146949e-01,8.220459862431113152e-01
2.020000000000000129e-01,8.170949061039898265e-01,8.209317385383174681e-01
2.040000000000000147e-01,8.154623484304711623e-01,8.197920064997045175e-01
2.060000000000000164e-01,8.138330525171998397e-01,8.185322223295126154e-01
2.080000000000000182e-01,8.122070118483455392e-01,8.184710286991017103e-01
2.099999999999999922e-01,8.105842199217061506e-01,8.170294516826646092e-01
2.119999999999999940e-01,8.089646702487079954e-01,8.160533169557678823e-01
2.139999999999999958e-01,8.073483563544060493e-01,8.150675833761835687e-01
2.159999999999999976e-01,8.057352717774833861e-01,8.138755643915169813e-01
2.179999999999999993e-01,8.041254100702517338e-01,8.126909758453229049e-01
2.200000000000000011e-01,8.025187647986511408e-01,8.107071986469636116e-01
2.220000000000000029e-01,8.009153295422500873e-01,8.100832340657512232e-01
2.240000000000000047e-01,7.993150978942453744e-01,8.080463460767837169e-01
2.260000000000000064e-01,7.977180634614623456e-01,8.068121561835768230e-01
2.280000000000000082e-01,7.961242198643547763e-01,8.058018575365132330e-01
2.300000000000000100e-01,7.945335607370046516e-01,8.039683374039559016e-01
2.320000000000000118e-01,7.929460797271227213e-01,8.027900358891969512e-01
2.340000000000000135e-01,7.913617704960477228e-01,8.006596650118381620e-01
2.360000000000000153e-01,7.897806267187471585e-01,7.992818797627201377e-01
2.380000000000000171e-01,7.882026420838168512e-01,7.979150445106070189e-01
2.399999999999999911e-01,7.866278102934809446e-01,7.965879533312381078e-01
2.419999999999999929e-01,7.850561250635920141e-01,7.947301942886055848e-01
2.439999999999999947e-01,7.834875801236309556e-01,7.931879924206386434e-01
2.459999999999999964e-01,7.819221692167077631e-01,7.909632964123177734e-01
2.479999999999999982e-01,7.803598860995597519e-01,7.898059037022160389e-01
2.500000000000000000e-01,7.788007245425534464e-01,7.880043627954327334e-01
2.520000000000000018e-01,7.772446783296834694e-01,7.872508301006970743e-01
2.540000000000000036e-01,7.756917412585729865e-01,7.856850553809997528e-01
2.560000000000000053e-01,7.741419071404732621e-01,7.843848962393755730e-01
2.580000000000000071e-01,7.725951698002647694e-01,7.827354881898154204e-01
2.600000000000000089e-01,7.710515230764555250e-01,7.810922327685426714e-01
2.620000000000000107e-01,7.695109608211821994e-01,7.798617217376260236e-01
2.640000000000000124e-01,7.679734768613134532e-01,7.776102958898930551e-01
2.660000000000000142e-01,7.664390647675646262e-01,7.758062775651400900e-01
2.680000000000000160e-01,7.649077183393773183e-01,7.746528851757815692e-01
2.700000000000000178e-01,7.633794314492333699e-01,7.738624924854742293e-01
2.720000000000000195e-01,7.618541979823518773e-01,7.725037178834964768e-01
2.740000000000000213e-01,7.603320118366885261e-01,7.705448651941729787e-01
2.760000000000000231e-01,7.588128669229352585e-01,7.687873234898346952e-01
2.780000000000000249e-01,7.572967571645221607e-01,7.667921506758381689e-01
2.800000000000000266e-01,7.557836764976149091e-01,7.652509610969412401e-01
2.820000000000000284e-01,7.542736188711167689e-01,7.636414680568376356e-01
2.840000000000000302e-01,7.527665782466677058e-01,7.615194681885799621e-01
2.860000000000000320e-01,7.512625485986442753e-01,7.609162825414605980e-01
2.880000000000000338e-01,7.497615239141606214e-01,7.594370399594642107e-01
2.899999999999999800e-01,7.482634981930669227e-01,7.578669548203244011e-01
2.919999999999999818e-01,7.467684654479503914e-01,7.564755717313913497e-01
2.939999999999999836e-01,7.452764197041353844e-01,7.554150809374903242e-01
2.959999999999999853e-01,7.437873549996830702e-01,7.547734937324509508e-01
2.979999999999999871e-01,7.423012653853912068e-01,7.526831696314848497e-01
2.999999999999999889e-01,7.408181449247945860e-01,7.510758937079562436e-01
3.019999999999999907e-01,7.393379876941648110e-01,7.512453787148208884e-01
3.039999999999999925e-01,7.378607877825105188e-01,7.496443657704328078e-01
3.059999999999999942e-01,7.363865392915770469e-01,7.475340171075705031e-01
3.079999999999999960e-01,7.349152363358463225e-01,7.453477039155999018e-01
3.099999999999999978e-01,7.334468730425377503e-01,7.445388191495574404e-01
3.119999999999999996e-01,7.319814435516069917e-01,7.422595466075000425e-01
3.140000000000000013e-01,7.305189420157468527e-01,7.406032260940959011e-01
3.160000000000000031e-01,7.290593626003870620e-01,7.392169171832828622e-01
3.180000000000000049e-01,7.276026994836939377e-01,7.391213637485489762e-01
3.200000000000000067e-01,7.261489468565709426e-01,7.378590475159437778e-01
3.220000000000000084e-01,7.246980989226581293e-01,7.369459855305134921e-01
3.240000000000000102e-01,7.232501498983326949e-01,7.354884920786383118e-01
3.260000000000000120e-01,7.218050940127083148e-01,7.343979704856101742e-01
3.280000000000000138e-01,7.203629255076360316e-01,7.321115380747174051e-01
3.300000000000000155e-01,7.189236386377032550e-01,7.308764796249815898e-01
3.320000000000000173e-01,7.174872276702344287e-01,7.291950778485948303e-01
3.340000000000000191e-01,7.160536868852910297e-01,7.284794488604464657e-01
3.360000000000000209e-01,7.146230105751646411e-01,7.279379579564452252e-01
3.380000000000000226e-01,7.131951928815400965e-01,7.263652930187480816e-01
3.400000000000000244e-01,7.117702279715223401e-01,7.244652911647241345e-01
3.420000000000000262e-01,7.103481101454237612e-01,7.237711027708588762e-01
3.440000000000000280e-01,7.089288337149566299e-01,7.228912891378512784e-01
3.460000000000000298e-01,7.075123930032086728e-01,7.220517753595887545e-01
3.480000000000000315e-01,7.060987823446197575e-01,7.204221416298705050e-01
3.500000000000000333e-01,7.046879960849588009e-01,7.186675150099889331e-01
3.519999999999999796e-01,7.032800285812991214e-01,7.171160546615994447e-01
3.539999999999999813e-01,7.018748742019957909e-01,7.150707060525391956e-01
3.559999999999999831e-01,7.004725273266613206e-01,7.136250935953162289e-01
3.579999999999999849e-01,6.990729823461426795e-01,7.125082175219730196e-01
3.599999999999999867e-01,6.976762336624970917e-01,7.103937423928440298e-01
3.619999999999999885e-01,6.962822756889686104e-01,7.099756912168250222e-01
3.639999999999999902e-01,6.948911028499649145e-01,7.084729344048451560e-01
3.659999999999999920e-01,6.935027095810329945e-01,7.059675185910531114e-01
3.679999999999999938e-01,6.921170903288361709e-01,7.045342736781562420e-01
3.699999999999999956e-01,6.907342395511297806e-01,7.019330201026336979e-01
3.719999999999999973e-01,6.893541517167383059e-01,6.996277807382987879e-01
3.739999999999999991e-01,6.879768213055315051e-01,6.989675372162998945e-01
3.760000000000000009e-01,6.866022428084003204e-01,6.987948902355344272e-01
3.780000000000000027e-01,6.852304107272341183e-01,6.974322291763906945e-01
3.800000000000000044e-01,6.838613195748962648e-01,6.968078746666537260e-01
3.820000000000000062e-01,6.824949638752009218e-01,6.957447998056540683e-01
3.840000000000000080e-01,6.811313381628896213e-01,6.939660902256485908e-01
3.860000000000000098e-01,6.797704369836070626e-01,6.927186016863470241e-01
3.880000000000000115e-01,6.784122548938781305e-01,6.907989241350576126e-01
3.900000000000000133e-01,6.770567864610836928e-01,6.898188751161391519e-01
3.920000000000000151e-01,6.757040262634375072e-01,6.891439679814079788e-01
3.940000000000000169e-01,6.743539688899621298e-01,6.872608006736409259e-01
3.960000000000000187e-01,6.730066089404659335e-01,6.862660815054685282e-01
3.980000000000000204e-01,6.716619410255186828e-01,6.841799933762863217e-01
4.000000000000000222e-01,6.703199597664286635e-01,6.815092784036119733e-01
4.020000000000000240e-01,6.689806597952184797e-01,6.798574272892393688e-01
4.040000000000000258e-01,6.676440357546017390e-01,6.793286375100163754e-01
4.060000000000000275e-01,6.663100822979596272e-01,6.771770671308410261e-01
4.080000000000000293e-01,6.649787940893168159e-01,6.758825481045160899e-01
4.100000000000000311e-01,6.636501658033182593e-01,6.749201839507122935e-01
4.120000000000000329e-01,6.623241921252053244e-01,6.732913394215083169e-01
4.140000000000000346e-01,6.610008677507921426e-01,6.723644246784934442e-01
4.160000000000000364e-01,6.596801873864424071e-01,6.710625358220301262e-01
4.179999999999999827e-01,6.583621457490451689e-01,6.698999929412097210e-01
4.199999999999999845e-01,6.570467375659917453e-01,6.684355919248914368e-01
4.219999999999999862e-01,6.557339575751517380e-01,6.666649014138819052e-01
4.239999999999999880e-01,6.544238005248497192e-01,6.645800853311951695e-01
4.259999999999999898e-01,6.531162611738411394e-01,6.636728929017892131e-01
4.279999999999999916e-01,6.518113342912893460e-01,6.618036630749845051e-01
4.299999999999999933e-01,6.505090146567414910e-01,6.608149939445661092e-01
4.319999999999999951e-01,6.492092970601052171e-01,6.602613211057588583e-01
4.339999999999999969e-01,6.479121763016245650e-01,6.588362722003786587e-01
4.359999999999999987e-01,6.466176471918571034e-01,6.582299665869201233e-01
4.380000000000000004e-01,6.453257045516496149e-01,6.569378942049577397e-01
4.400000000000000022e-01,6.440363432121148923e-01,6.558205907493253051e-01
4.420000000000000040e-01,6.427495580146078691e-01,6.541006119178911504e-01
4.440000000000000058e-01,6.414653438107023042e-01,6.535203022843961707e-01
4.460000000000000075e-01,6.401836954621669129e-01,6.518074997570887374e-01
4.480000000000000093e-01,6.389046078409418294e-01,6.502631327608930922e-01
4.500000000000000111e-01,6.376280758291149597e-01,6.483948087983394393e-01
4.520000000000000129e-01,6.363540943188984444e-01,6.473152875391176009e-01
4.540000000000000147e-01,6.350826582126050113e-01,6.466029939099496859e-01
4.560000000000000164e-01,6.338137624226242162e-01,6.441924702118171364e-01
4.580000000000000182e-01,6.325474018779497776e-01,6.420913714213930534e-01
4.600000000000000200e-01,6.312835715422069338e-01,6.406785187449520746e-01
4.620000000000000218e-01,6.300222663643365584e-01,6.384152081598086781e-01
4.640000000000000235e-01,6.287634812997184852e-01,6.372447991246420473e-01
4.660000000000000253e-01,6.275072113137835084e-01,6.348571732612855456e-01
4.680000000000000271e-01,6.262534513819909554e-01,6.336193246654350242e-01
4.700000000000000289e-01,6.250021964898059279e-01,6.317854727998932773e-01
4.720000000000000306e-01,6.237534416326772080e-01,6.305670317119160817e-01
4.740000000000000324e-01,6.225071818160149428e-01,6.292811776140312396e-01
4.760000000000000342e-01,6.212634120551679962e-01,6.283279561848712502e-01
4.780000000000000360e-01,6.200221273754016327e-01,6.275617396100162670e-01
4.799999999999999822e-01,6.187833228118753137e-01,6.270945610622797872e-01
4.819999999999999840e-01,6.175469934096200486e-01,6.250403127167664108e-01
4.839999999999999858e-01,6.163131342235160792e-01,6.246253958411326357e-01
4.859999999999999876e-01,6.150817403182706755e-01,6.238905337433753306e-01
4.879999999999999893e-01,6.138528067683954870e-01,6.234315122762695838e-01
4.899999999999999911e-01,6.126263286581840051e-01,6.235761511819187808e-01
4.919999999999999929e-01,6.114023010816899140e-01,6.223510545351692569e-01
4.939999999999999947e-01,6.101807191427038868e-01,6.205967160648243608e-01
4.959999999999999964e-01,6.089615779547313812e-01,6.193717618743990183e-01
4.979999999999999982e-01,6.077448726409706570e-01,6.186095647346189219e-01
5.000000000000000000e-01,6.065305983342897944e-01,6.170572853413237580e-01
5.020000000000000018e-01,6.053187501772049339e-01,6.161008969321192241e-01
5.040000000000000036e-01,6.041093233218571834e-01,6.143663218915668134e-01
5.060000000000000053e-01,6.029023129299908579e-01,6.116839213851874568e-01
5.080000000000000071e-01,6.016977141729306089e-01,6.092207710796722075e-01
5.100000000000000089e-01,6.004955222315593311e-01,6.084277982527342976e-01
5.120000000000000107e-01,5.992957322962958466e-01,6.070498861104927091e-01
5.140000000000000124e-01,5.980983395670719238e-01,6.064328445383341260e-01
5.160000000000000142e-01,5.969033392533106275e-01,6.056289212910568320e-01
5.180000000000000160e-01,5.957107265739035595e-01,6.050942165288207830e-01
5.200000000000000178e-01,5.945204967571883214e-01,6.032161121726742348e-01
5.220000000000000195e-01,5.933326450409265318e-01,6.022626073136770897e-01
5.240000000000000213e-01,5.921471666722809557e-01,6.004632161585856664e-01
5.260000000000000231e-01,5.909640569077936334e-01,6.001966977311016249e-01
5.280000000000000249e-01,5.897833110133628987e-01,5.994250747737100982e-01
5.300000000000000266e-01,5.886049242642215074e-01,5.978623259198186934e-01
5.320000000000000284e-01,5.874288919449141000e-01,5.967590531410816856e-01
5.340000000000000302e-01,5.862552093492744421e-01,5.953798217501196088e-01
5.360000000000000320e-01,5.850838717804036637e-01,5.943869645245334343e-01
5.380000000000000338e-01,5.839148745506472782e-01,5.924710877142457255e-01
5.400000000000000355e-01,5.827482129815730882e-01,5.908403785769426042e-01
5.420000000000000373e-01,5.815838824039488708e-01,5.893371820611207346e-01
5.440000000000000391e-01,5.804218781577198394e-01,5.884883466735636448e-01
5.460000000000000409e-01,5.792621955919859955e-01,5.875277127460455384e-01
5.480000000000000426e-01,5.781048300649804794e-01,5.867121215492395736e-01
5.500000000000000444e-01,5.769497769440462553e-01,5.860369329674683936e-01
5.520000000000000462e-01,5.757970316056144622e-01,5.844624418979637026e-01
5.540000000000000480e-01,5.746465894351815429e-01,5.833332050524357992e-01
5.560000000000000497e-01,5.734984458272872621e-01,5.830307846679211314e-01
5.580000000000000515e-01,5.723525961854918354e-01,5.823173000659292997e-01
5.600000000000000533e-01,5.712090359223538361e-01,5.819575190670577269e-01
5.620000000000000551e-01,5.700677604594078796e-01,5.813227542843857343e-01
5.640000000000000568e-01,5.689287652271419748e-01,5.793697841775621304e-01
5.660000000000000586e-01,5.677920456649754311e-01,5.783637292324375068e-01
5.680000000000000604e-01,5.666575972212359869e-01,5.777207171642477768e-01
5.700000000000000622e-01,5.655254153531380501e-01,5.771599593543598195e-01
5.720000000000000639e-01,5.643954955267597162e-01,5.775978795792292564e-01
5.740000000000000657e-01,5.632678332170207858e-01,5.767374042375543741e-01
5.760000000000000675e-01,5.621424239076601159e-01,5.749334588728572948e-01
5.779999999999999583e-01,5.610192630915769030e-01,5.743844213147220046e-01
5.799999999999999600e-01,5.598983463350578615e-01,5.739556431396302116e-01
5.819999999999999618e-01,5.587796692009729949e-01,5.723114148595659367e-01
5.839999999999999636e-01,5.576632272153149161e-01,5.705962667858439641e-01
5.859999999999999654e-01,5.565490159129831138e-01,5.700123658665038340e-01
5.879999999999999671e-01,5.554370308377644117e-01,5.691428120371700983e-01
5.899999999999999689e-01,5.543272675423125406e-01,5.683823393186041573e-01
5.919999999999999707e-01,5.532197215881282659e-01,5.672210319862087680e-01
5.939999999999999725e-01,5.521143885455390699e-01,5.657129970030070343e-01
5.959999999999999742e-01,5.510112639936791679e-01,5.640326788601929264e-01
5.979999999999999760e-01,5.499103435204695245e-01,5.629646911357211181e-01
5.999999999999999778e-01,5.488116227225976473e-01,5.631204465238202062e-01
6.019999999999999796e-01,5.477150972054973810e-01,5.613965090737709218e-01
6.039999999999999813e-01,5.466207625833291450e-01,5.599898612412469445e-01
6.059999999999999831e-01,5.455286144789595060e-01,5.591035092637064441e-01
6.079999999999999849e-01,5.444386485239414153e-01,5.577814843962145552e-01
6.099999999999999867e-01,5.433508603584937813e-01,5.571976507479087237e-01
6.119999999999999885e-01,5.422652456314815961e-01,5.552057623569350842e-01
6.139999999999999902e-01,5.411818000003957296e-01,5.538823597745289318e-01
6.159999999999999920e-01,5.401005191313329457e-01,5.534942946382132023e-01
6.179999999999999938e-01,5.390213986989759176e-01,5.527838437730241417e-01
6.199999999999999956e-01,5.379444343865728007e-01,5.513819925682283962e-01
6.219999999999999973e-01,5.368696218859173586e-01,5.509976334288737565e-01
6.239999999999999991e-01,5.357969568973289798e-01,5.504662629298135990e-01
6.260000000000000009e-01,5.347264351296322493e-01,5.495494848953882405e-01
6.280000000000000027e-01,5.336580523001371867e-01,5.481497010496517719e-01
6.300000000000000044e-01,5.325918041346190401e-01,5.482121495608832662e-01
6.320000000000000062e-01,5.315276863672981911e-01,5.472060576412111077e-01
6.340000000000000080e-01,5.304656947408201706e-01,5.465005327620485742e-01
6.360000000000000098e-01,5.294058250062352311e-01,5.444648852301052777e-01
6.380000000000000115e-01,5.283480729229786954e-01,5.423272316528229275e-01
6.400000000000000133e-01,5.272924342588505286e-01,5.402690891431018994e-01
6.420000000000000151e-01,5.262389047899954653e-01,5.383529885799187564e-01
6.440000000000000169e-01,5.251874803008829140e-01,5.383914137746111939e-01
6.460000000000000187e-01,5.241381565842866408e-01,5.366321018394050180e-01
6.480000000000000204e-01,5.230909294412650068e-01,5.352387906793677486e-01
6.500000000000000222e-01,5.220457946811406513e-01,5.338702580546145215e-01
6.520000000000000240e-01,5.210027481214801748e-01,5.328916233409075609e-01
6.540000000000000258e-01,5.199617855880748207e-01,5.323482229808838007e-01
6.560000000000000275e-01,5.189229029149196037e-01,5.316171600872320324e-01
6.580000000000000293e-01,5.178860959441935474e-01,5.295042000709550001e-01
6.600000000000000311e-01,5.168513605262395894e-01,5.285663859396219078e-01
6.620000000000000329e-01,5.158186925195445971e-01,5.279073477031476225e-01
6.640000000000000346e-01,5.147880877907188291e-01,5.271705395737574795e-01
6.660000000000000364e-01,5.137595422144765056e-01,5.263690806772871600e-01
6.680000000000000382e-01,5.127330516736151589e-01,5.252714723639002603e-01
6.700000000000000400e-01,5.117086120589959819e-01,5.247945467016463805e-01
6.720000000000000417e-01,5.106862192695231784e-01,5.239546215159595066e-01
6.740000000000000435e-01,5.096658692121246448e-01,5.231970131031885574e-01
6.760000000000000453e-01,5.086475578017310983e-01,5.227088851902850219e-01
6.780000000000000471e-01,5.076312809612565369e-01,5.211341103901321326e-01
6.800000000000000488e-01,5.066170346215778109e-01,5.201324583575146487e-01
6.820000000000000506e-01,5.056048147215148614e-01,5.188402949057524527e-01
6.840000000000000524e-01,5.045946172078102920e-01,5.184440085074499827e-01
6.860000000000000542e-01,5.035864380351096070e-01,5.174995886399229583e-01
6.880000000000000560e-01,5.025802731659406719e-01,5.154187611922268486e-01
6.900000000000000577e-01,5.015761185706942848e-01,5.151343899510224533e-01
6.920000000000000595e-01,5.005739702276034153e-01,5.147420916642800881e-01
6.940000000000000613e-01,4.995738241227234977e-01,5.141973467567870770e-01
6.960000000000000631e-01,4.985756762499122807e-01,5.128800469619493319e-01
6.980000000000000648e-01,4.975795226108095104e-01,5.121726659176260021e-01
7.000000000000000666e-01,4.965853592341938905e-01,5.105751337368223952e-01
7.020000000000000684e-01,4.955931822221328331e-01,5.102244080317882569e-01
7.039999999999999591e-01,4.946029876153608118e-01,5.094691580415008358e-01
7.059999999999999609e-01,4.936147714534548925e-01,5.076766668841596886e-01
7.079999999999999627e-01,4.926285297838586819e-01,5.075490300598523019e-01
7.099999999999999645e-01,4.916442586618638422e-01,5.061793473023423751e-01
7.119999999999999662e-01,4.906619541505919946e-01,5.052894170522802542e-01
7.139999999999999680e-01,4.896816123209765670e-01,5.044936217282249835e-01
7.159999999999999698e-01,4.887032292517449750e-01,5.041684833065964710e-01
7.179999999999999716e-01,4.877268010294001366e-01,5.044079849111176017e-01
7.199999999999999734e-01,4.867523237482024867e-01,5.040825331549475541e-01
7.219999999999999751e-01,4.857797935101519915e-01,5.025929770432325805e-01
7.239999999999999769e-01,4.848092064249698852e-01,5.019457996926981469e-01
7.259999999999999787e-01,4.838405586100806843e-01,5.010389548475688848e-01
7.279999999999999805e-01,4.828738461905938695e-01,4.997656644464017472e-01
7.299999999999999822e-01,4.819090652992860102e-01,4.981336922906414721e-01
7.319999999999999840e-01,4.809462120765826132e-01,4.971266398089301819e-01
7.339999999999999858e-01,4.799852826705397479e-01,4.961387302386803255e-01
7.359999999999999876e-01,4.790262732368262832e-01,4.951978545958745093e-01
7.379999999999999893e-01,4.780691799387055685e-01,4.933837730795488929e-01
7.399999999999999911e-01,4.771139989470173925e-01,4.931652034159368925e-01
7.419999999999999929e-01,4.761607264401598871e-01,4.912264994913544958e-01
7.439999999999999947e-01,4.752093586040713191e-01,4.898704478496805903e-01
7.459999999999999964e-01,4.742598916322121050e-01,4.898128400847733821e-01
7.479999999999999982e-01,4.733123217255465476e-01,4.895469650211872192e-01
7.500000000000000000e-01,4.723666450925248506e-01,4.883997694899376296e-01
7.520000000000000018e-01,4.714228579490650217e-01,4.866361617569132658e-01
7.540000000000000036e-01,4.704809565185346099e-01,4.857027380613961332e-01
7.560000000000000053e-01,4.695409370317328301e-01,4.845003377642636555e-01
7.580000000000000071e-01,4.686027957268721345e-01,4.826214563135146629e-01
7.600000000000000089e-01,4.676665288495603368e-01,4.828080569730290317e-01
7.620000000000000107e-01,4.667321326527824610e-01,4.817634746683146507e-01
7.640000000000000124e-01,4.657996033968826444e-01,4.794834581889230174e-01
7.660000000000000142e-01,4.648689373495459298e-01,4.781153299720117267e-01
7.680000000000000160e-01,4.639401307857801693e-01,4.764485342047293792e-01
7.700000000000000178e-01,4.630131799878980381e-01,4.752453401155048995e-01
7.720000000000000195e-01,4.620880812454987718e-01,4.743642489289897068e-01
7.740000000000000213e-01,4.611648308554501252e-01,4.731010859739842034e-01
7.760000000000000231e-01,4.602434251218702199e-01,4.718658410368660738e-01
7.780000000000000249e-01,4.593238603561096145e-01,4.719563409762221884e-01
7.800000000000000266e-01,4.584061328767329302e-01,4.712876817829341203e-01
7.820000000000000284e-01,4.574902390095007543e-01,4.702582919049081434e-01
7.840000000000000302e-01,4.565761750873517655e-01,4.687162978345273956e-01
7.860000000000000320e-01,4.556639374503844153e-01,4.669046881912328195e-01
7.880000000000000338e-01,4.547535224458389425e-01,4.656727363408028619e-01
7.900000000000000355e-01,4.538449264280791096e-01,4.644449645939794369e-01
7.920000000000000373e-01,4.529381457585742177e-01,4.639301741358810016e-01
7.940000000000000391e-01,4.520331768058810096e-01,4.615191021402708094e-01
7.960000000000000409e-01,4.511300159456254066e-01,4.595393722194138220e-01
7.980000000000000426e-01,4.502286595604844677e-01,4.581425821134879062e-01
8.000000000000000444e-01,4.493291040401684588e-01,4.586390163314040813e-01
8.020000000000000462e-01,4.484313457814024240e-01,4.576508831619434670e-01
8.040000000000000480e-01,4.475353811879083654e-01,4.568435479205387173e-01
8.060000000000000497e-01,4.466412066703868700e-01,4.552863792128725162e-01
8.080000000000000515e-01,4.457488186464991231e-01,4.541643241506447271e-01
8.100000000000000533e-01,4.448582135408489791e-01,4.527984481935120598e-01
8.120000000000000551e-01,4.439693877849644199e-01,4.514108105590126652e-01
8.140000000000000568e-01,4.430823378172798477e-01,4.503044968834316597e-01
8.160000000000000586e-01,4.421970600831178211e-01,4.494611790404250962e-01
8.180000000000000604e-01,4.413135510346707924e-01,4.482116848181706414e-01
8.200000000000000622e-01,4.404318071316615235e-01,4.474511709376908231e-01
8.220000000000000639e-01,4.395518249181379900e-01,4.466550636639067817e-01
8.240000000000000657e-01,4.386736009258149771e-01,4.451266672706807870e-01
8.260000000000000675e-01,4.377971316423518444e-01,4.438966788279077869e-01
8.280000000000000693e-01,4.369224135624040772e-01,4.421777965444184111e-01
8.300000000000000711e-01,4.360494431876074106e-01,4.399748163391866695e-01
8.320000000000000728e-01,4.351782170265621197e-01,4.373929911778284274e-01
8.339999999999999636e-01,4.343087315948171434e-01,4.358772027857056863e-01
8.359999999999999654e-01,4.334409834148545970e-01,4.356433067787660041e-01
8.379999999999999671e-01,4.325749690160734517e-01,4.398089365541495988e-01
8.399999999999999689e-01,4.317106849347742692e-01,4.370461249936789527e-01
8.419999999999999707e-01,4.308481277141431032e-01,4.361206396611848057e-01
8.439999999999999725e-01,4.299872939042360676e-01,4.367093291554152157e-01
8.459999999999999742e-01,4.291281800619630715e-01,4.372579858797307484e-01
8.479999999999999760e-01,4.282707827510723875e-01,4.365143431618808134e-01
8.499999999999999778e-01,4.274150985421351079e-01,4.359233524566213935e-01
8.519999999999999796e-01,4.265611240125282699e-01,4.354577581883442017e-01
8.539999999999999813e-01,4.257088557464208112e-01,4.344459162022306642e-01
8.559999999999999831e-01,4.248582903347559725e-01,4.338535343548239887e-01
8.579999999999999849e-01,4.240094243752369207e-01,4.321398890120479730e-01
8.599999999999999867e-01,4.231622544723102064e-01,4.324474871885693461e-01
8.619999999999999885e-01,4.223167772371501649e-01,4.327653184249482532e-01
8.639999999999999902e-01,4.214729892876435402e-01,4.319105759538184319e-01
8.659999999999999920e-01,4.206308872483727201e-01,4.313072071516280137e-01
8.679999999999999938e-01,4.197904677506010263e-01,4.298474469662389441e-01
8.699999999999999956e-01,4.189517274322563933e-01,4.286926655929006458e-01
8.719999999999999973e-01,4.181146629379156043e-01,4.278607314923505434e-01
8.739999999999999991e-01,4.172792709187886362e-01,4.269732328781830621e-01
8.760000000000000009e-01,4.164455480327028392e-01,4.250942837518322803e-01
8.780000000000000027e-01,4.156134909440871716e-01,4.238398008470224965e-01
8.800000000000000044e-01,4.147830963239562685e-01,4.237303555068969163e-01
8.820000000000000062e-01,4.139543608498949534e-01,4.229474276465589044e-01
8.840000000000000080e-01,4.131272812060422517e-01,4.225869200612065724e-01
8.860000000000000098e-01,4.123018540830754586e-01,4.218651938674115587e-01
8.880000000000000115e-01,4.114780761781950957e-01,4.210874783903671981e-01
8.900000000000000133e-01,4.106559441951078693e-01,4.200916188972921850e-01
8.920000000000000151e-01,4.098354548440121814e-01,4.195787823520586435e-01
8.940000000000000169e-01,4.090166048415813660e-01,4.199544923704888189e-01
8.960000000000000187e-01,4.081993909109489227e-01,4.187494608535025087e-01
8.980000000000000204e-01,4.073838097816913639e-01,4.176441073987643970e-01
9.000000000000000222e-01,4.065698581898138930e-01,4.173253170937900602e-01
9.020000000000000240e-01,4.057575328777335844e-01,4.165776798596680375e-01
9.040000000000000258e-01,4.049468305942641178e-01,4.159610666070320817e-01
9.060000000000000275e-01,4.041377480945996248e-01,4.149357927577720373e-01
9.080000000000000293e-01,4.033302821402993676e-01,4.142807569061327522e-01
9.100000000000000311e-01,4.025244294992716965e-01,4.133265559522398824e-01
9.120000000000000329e-01,4.017201869457581176e-01,4.121128479859536009e-01
9.140000000000000346e-01,4.009175512603178615e-01,4.107380073461659453e-01
9.160000000000000364e-01,4.001165192298121176e-01,4.100646913405621152e-01
9.180000000000000382e-01,3.993170876473876030e-01,4.099387075158823501e-01
9.200000000000000400e-01,3.985192533124615744e-01,4.091700291669968514e-01
9.220000000000000417e-01,3.977230130307056744e-01,4.080705656535971726e-01
9.240000000000000435e-01,3.969283636140301663e-01,4.071991064223342005e-01
9.260000000000000453e-01,3.961353018805682247e-01,4.063605476066634026e-01
9.280000000000000471e-01,3.953438246546601142e-01,4.062424506687536963e-01
9.300000000000000488e-01,3.945539287668374251e-01,4.047176200773923704e-01
9.320000000000000506e-01,3.937656110538073073e-01,4.033505632195885648e-01
9.340000000000000524e-01,3.929788683584365949e-01,4.036082529211647008e-01
9.360000000000000542e-01,3.921936975297362626e-01,4.020191042216190724e-01
9.380000000000000560e-01,3.914100954228453833e-01,4.008231286642289781e-01
9.400000000000000577e-01,3.906280588990155289e-01,3.991475582175254000e-01
9.420000000000000595e-01,3.898475848413307521e-01,3.985180893266072055e-01
9.440000000000000613e-01,3.890686701871523545e-01,3.978867221251454200e-01
9.460000000000000631e-01,3.882913118272809383e-01,3.973608150513712745e-01
9.480000000000000648e-01,3.875155066525627912e-01,3.977731360278629613e-01
9.500000000000000666e-01,3.867412515600177625e-01,3.957742188040087594e-01
9.520000000000000684e-01,3.859685434528237757e-01,3.944711484349822661e-01
9.540000000000000702e-01,3.851973792403038943e-01,3.937211237005161513e-01
9.560000000000000719e-01,3.844277558379107229e-01,3.924690642831942244e-01
9.580000000000000737e-01,3.836596701672134180e-01,3.916445045830421190e-01
9.599999999999999645e-01,3.828931191558823111e-01,3.912152150202969358e-01
9.619999999999999662e-01,3.821280997376751420e-01,3.895855436300040830e-01
9.639999999999999680e-01,3.813646088524227373e-01,3.897520801345524810e-01
9.659999999999999698e-01,3.806026434460148544e-01,3.884856398864955929e-01
9.679999999999999716e-01,3.798422004703855270e-01,3.869686040862779230e-01
9.699999999999999734e-01,3.790832768834990762e-01,3.866163019926160960e-01
9.719999999999999751e-01,3.783258696493356221e-01,3.849096004492903456e-01
9.739999999999999769e-01,3.775699757378770949e-01,3.843746265041880772e-01
9.759999999999999787e-01,3.768155921250926910e-01,3.849430089950424128e-01
9.779999999999999805e-01,3.760627157929246067e-01,3.863161523725951452e-01
9.799999999999999822e-01,3.753113437292737165e-01,3.845810058006580712e-01
9.819999999999999840e-01,3.745614729279859167e-01,3.840172443425100002e-01
9.839999999999999858e-01,3.738131003888365278e-01,3.831690749261068563e-01
9.859999999999999876e-01,3.730662231175172483e-01,3.825916296862022503e-01
9.879999999999999893e-01,3.723208381256214450e-01,3.818266239593496314e-01
9.899999999999999911e-01,3.715769424306296642e-01,3.808208860198340484e-01
9.919999999999999929e-01,3.708345330558955877e-01,3.798027361929793844e-01
9.939999999999999947e-01,3.700936070306316550e-01,3.792134911829117550e-01
9.959999999999999964e-01,3.693541613898947973e-01,3.789646510516932465e-01
9.979999999999999982e-01,3.686161931745722264e-01,3.778140514875321654e-01
1.000000000000000000e+00,3.678796994313670021e-01,3.763484505435436001e-01
1.002000000000000002e+00,3.671446772127837654e-01,3.742768585071266085e-01
1.004000000000000004e+00,3.664111235771146946e-01,3.746369250879584833e-01
1.006000000000000005e+00,3.656790355884249610e-01,3.752033576353262512e-01
1.008000000000000007e+00,3.649484103165383519e-01,3.739782486142654849e-01
1.010000000000000009e+00,3.642192448370235036e-01,3.720387616151455412e-01
1.012000000000000011e+00,3.634915362311789133e-01,3.708950963361811737e-01
1.014000000000000012e+00,3.627652815860191726e-01,3.691638467508659427e-01
1.016000000000000014e+00,3.620404779942606455e-01,3.684104444313400228e-01
1.018000000000000016e+00,3.613171225543068132e-01,3.670435194458850359e-01
1.020000000000000018e+00,3.605952123702343970e-01,3.666412296896010559e-01
1.022000000000000020e+00,3.598747445517788690e-01,3.667631193706741288e-01
1.024000000000000021e+00,3.591557162143201865e-01,3.660490946892266395e-01
1.026000000000000023e+00,3.584381244788685250e-01,3.647311894215736761e-01
1.028000000000000025e+00,3.577219664720500680e-01,3.643272669854429324e-01
1.030000000000000027e+00,3.570072393260925736e-01,3.636171521904489889e-01
1.032000000000000028e+00,3.562939401788112193e-01,3.629345020489969098e-01
1.034000000000000030e+00,3.555820661735942245e-01,3.622762561439062390e-01
1.036000000000000032e+00,3.548716144593886401e-01,3.613912852719839974e-01
1.038000000000000034e+00,3.541625821906860816e-01,3.606186629031646884e-01
1.040000000000000036e+00,3.534549665275082964e-01,3.600405191623245460e-01
1.042000000000000037e+00,3.527487646353929529e-01,3.583950937459658981e-01
1.044000000000000039e+00,3.520439736853795409e-01,3.580278294002161577e-01
1.046000000000000041e+00,3.513405908539948275e-01,3.571066806653563352e-01
1.048000000000000043e+00,3.506386133232385904e-01,3.558216097654718357e-01
1.050000000000000044e+00,3.499380382805695744e-01,3.553987313934695025e-01
1.052000000000000046e+00,3.492388629188909466e-01,3.549652472835957973e-01
1.054000000000000048e+00,3.485410844365360861e-01,3.546745299488133218e-01
1.056000000000000050e+00,3.478447000372544284e-01,3.526998297806200888e-01
1.058000000000000052e+00,3.471497069301969773e-01,3.523756646108150425e-01
1.060000000000000053e+00,3.464561023299022047e-01,3.519343109952183801e-01
1.062000000000000055e+00,3.457638834571086783e-01,3.510933013041878659e-01
1.064000000000000057e+00,3.450730476041523609e-01,3.503148325174568201e-01
1.066000000000000059e+00,3.443835920488912961e-01,3.494700656514131976e-01
1.068000000000000060e+00,3.436955140340868242e-01,3.498090923945486597e-01
1.070000000000000062e+00,3.430088108079972220e-01,3.485525972810319395e-01
1.072000000000000064e+00,3.423234796243648792e-01,3.482304510430329070e-01
1.074000000000000066e+00,3.416395177424041973e-01,3.473359670544352018e-01
1.076000000000000068e+00,3.409569224267893217e-01,3.452482424981174192e-01
1.078000000000000069e+00,3.402756909476415403e-01,3.438837562855710517e-01
1.080000000000000071e+00,3.395958205805172381e-01,3.434041949467620536e-01
1.082000000000000073e+00,3.389173086063954066e-01,3.429097798455912893e-01
1.084000000000000075e+00,3.382401523116652653e-01,3.418643102611784723e-01
1.086000000000000076e+00,3.375643489881139381e-01,3.399523369883281076e-01
1.088000000000000078e+00,3.368898959329142961e-01,3.393948744686054453e-01
1.090000000000000080e+00,3.362167904486124126e-01,3.382052393487344766e-01
1.092000000000000082e+00,3.355450298431152389e-01,3.380738540744712139e-01
1.094000000000000083e+00,3.348746114296783927e-01,3.368705653415952628e-01
1.096000000000000085e+00,3.342055325268936672e-01,3.358506084496865607e-01
1.098000000000000087e+00,3.335377904586768749e-01,3.349610989545050987e-01
1.100000000000000089e+00,3.328713825542552462e-01,3.341827420659196357e-01
1.102000000000000091e+00,3.322063061481554391e-01,3.333842900436631562e-01
1.104000000000000092e+00,3.315425585801908825e-01,3.323642775618189660e-01
1.106000000000000094e+00,3.308801371954496195e-01,3.309286310423760757e-01
1.108000000000000096e+00,3.302190393442818173e-01,3.306397019786438962e-01
1.110000000000000098e+00,3.295592623822876099e-01,3.290550550842771260e-01
1.112000000000000099e+00,3.289008036703046645e-01,3.276619184123735207e-01
1.114000000000000101e+00,3.282436605743958569e-01,3.276916485104736099e-01
1.116000000000000103e+00,3.275878304658368934e-01,3.269985554195700694e-01
1.118000000000000105e+00,3.269333107211040423e-01,3.262476721868213803e-01
1.120000000000000107e+00,3.262800987218616999e-01,3.255709438349633222e-01
1.122000000000000108e+00,3.256281918549501220e-01,3.261306320814255644e-01
1.124000000000000110e+00,3.249775875123731561e-01,3.252599764329788812e-01
1.126000000000000112e+00,3.243282830912858072e-01,3.242851150700061802e-01
1.128000000000000114e+00,3.236802759939817475e-01,3.237368861935512876e-01
1.130000000000000115e+00,3.230335636278812705e-01,3.232144693811364600e-01
1.132000000000000117e+00,3.223881434055189121e-01,3.221256527870694497e-01
1.134000000000000119e+00,3.217440127445308495e-01,3.212210051018846713e-01
1.136000000000000121e+00,3.211011690676428554e-01,3.200947733447396804e-01
1.138000000000000123e+00,3.204596098026576967e-01,3.192477075828772382e-01
1.140000000000000124e+00,3.198193323824431444e-01,3.192250572513530282e-01
1.142000000000000126e+00,3.191803342449192615e-01,3.183405705700034782e-01
1.144000000000000128e+00,3.185426128330463014e-01,3.181513877431887405e-01
1.146000000000000130e+00,3.179061655948122733e-01,3.162576231712811992e-01
1.148000000000000131e+00,3.172709899832206193e-01,3.154195823716766101e-01
1.150000000000000133e+00,3.166370834562779457e-01,3.140741329166997775e-01
1.152000000000000135e+00,3.160044434769816446e-01,3.119495391928623906e-01
1.153999999999999915e+00,3.153730675133074035e-01,3.113810191695841056e-01
1.155999999999999917e+00,3.147429530381970486e-01,3.102111419763559086e-01
1.157999999999999918e+00,3.141140975295462212e-01,3.096942374355451388e-01
1.159999999999999920e+00,3.134864984701918877e-01,3.080951188716228861e-01
1.161999999999999922e+00,3.128601533479001273e-01,3.078496951695127160e-01
1.163999999999999924e+00,3.122350596553538082e-01,3.068459079303047510e-01
1.165999999999999925e+00,3.116112148901400980e-01,3.061705271184281818e-01
1.167999999999999927e+00,3.109886165547381953e-01,3.046116192682455925e-01
1.169999999999999929e+00,3.103672621565072287e-01,3.048739166699731551e-01
1.171999999999999931e+00,3.097471492076733779e-01,3.045262870836843438e-01
1.173999999999999932e+00,3.091282752253181609e-01,3.045105659831880973e-01
1.175999999999999934e+00,3.085106377313656112e-01,3.043903249725942173e-01
1.177999999999999936e+00,3.078942342525701759e-01,3.040762136628011869e-01
1.179999999999999938e+00,3.072790623205042815e-01,3.039758557402315597e-01
1.181999999999999940e+00,3.066651194715462325e-01,3.034296963545119463e-01
1.183999999999999941e+00,3.060524032583212262e-01,3.022169430677282276e-01
1.185999999999999943e+00,3.054409112699696394e-01,3.009978360413215759e-01
1.187999999999999945e+00,3.048306410644485709e-01,2.995201679418892371e-01
1.189999999999999947e+00,3.042215902008399975e-01,2.981671300624990084e-01
1.191999999999999948e+00,3.036137562430647474e-01,2.977595843638785045e-01
1.193999999999999950e+00,3.030071367598711207e-01,2.970565105104657766e-01
1.195999999999999952e+00,3.024017293248235094e-01,2.965838750269186863e-01
1.197999999999999954e+00,3.017975315162911287e-01,2.961923754809375198e-01
1.199999999999999956e+00,3.011945409174366928e-01,2.953255598988699382e-01
1.201999999999999957e+00,3.005927551162051459e-01,2.935578073737530325e-01
1.203999999999999959e+00,2.999921717053121717e-01,2.931120531440531418e-01
1.205999999999999961e+00,2.993927882822330355e-01,2.932422142024285194e-01
1.207999999999999963e+00,2.987946024491913155e-01,2.930158626605262051e-01
1.209999999999999964e+00,2.981976118131471898e-01,2.917217154591462691e-01
1.211999999999999966e+00,2.976018139857866673e-01,2.912970790680319277e-01
1.213999999999999968e+00,2.970072065835097641e-01,2.912709910832041449e-01
1.215999999999999970e+00,2.964137872274196228e-01,2.911093684477856769e-01
1.217999999999999972e+00,2.958215535433108556e-01,2.903063669722334428e-01
1.219999999999999973e+00,2.952305031616582198e-01,2.903702999554100272e-01
1.221999999999999975e+00,2.946406337176056267e-01,2.891032966120155034e-01
1.223999999999999977e+00,2.940519428509544841e-01,2.888141873776436386e-01
1.225999999999999979e+00,2.934644282061524834e-01,2.884701684961441526e-01
1.227999999999999980e+00,2.928780874322823857e-01,2.878455518647426437e-01
1.229999999999999982e+00,2.922929181830503653e-01,2.869515855311820518e-01
1.231999999999999984e+00,2.917089181167750733e-01,2.860828052975586955e-01
1.233999999999999986e+00,2.911260848963762582e-01,2.853972335905292645e-01
1.235999999999999988e+00,2.905444161893631638e-01,2.843035198691103993e-01
1.237999999999999989e+00,2.899639096678234274e-01,2.835307297455314512e-01
1.239999999999999991e+00,2.893845630084117548e-01,2.820435147608684745e-01
1.241999999999999993e+00,2.888063738923384860e-01,2.808243772082552048e-01
1.243999999999999995e+00,2.882293400053583809e-01,2.804867321334124086e-01
1.245999999999999996e+00,2.876534590377592959e-01,2.792387242530534053e-01
1.247999999999999998e+00,2.870787286843506925e-01,2.785815736962932720e-01
1.250000000000000000e+00,2.865051466444525907e-01,2.783184397511099806e-01
1.252000000000000002e+00,2.859327106218839676e-01,2.775508655289891657e-01
1.254000000000000004e+00,2.853614183249516545e-01,2.765507850274631085e-01
1.256000000000000005e+00,2.847912674664388466e-01,2.762295994866169613e-01
1.258000000000000007e+00,2.842222557635938895e-01,2.760921055360057164e-01
1.260000000000000009e+00,2.836543809381188996e-01,2.754662576040685651e-01
1.262000000000000011e+00,2.830876407161585506e-01,2.748337224504275866e-01
1.264000000000000012e+00,2.825220328282884719e-01,2.749008033147381513e-01
1.266000000000000014e+00,2.819575550095043126e-01,2.749897405161488284e-01
1.268000000000000016e+00,2.813942049992100847e-01,2.743977583477017479e-01
1.270000000000000018e+00,2.808319805412069492e-01,2.735657422248297665e-01
1.272000000000000020e+00,2.802708793836821144e-01,2.730390765709148071e-01
1.274000000000000021e+00,2.797108992791970117e-01,2.720387197774702948e-01
1.276000000000000023e+00,2.791520379846765820e-01,2.712710373784112394e-01
1.278000000000000025e+00,2.785942932613975076e-01,2.703485498749480520e-01
1.280000000000000027e+00,2.780376628749769430e-01,2.698924830735578984e-01
1.282000000000000028e+00,2.774821445953614130e-01,2.697249655574273097e-01
1.284000000000000030e+00,2.769277361968152107e-01,2.687623461635759714e-01
1.286000000000000032e+00,2.763744354579094065e-01,2.685906566089270031e-01
1.288000000000000034e+00,2.758222401615101349e-01,2.680810718916653013e-01
1.290000000000000036e+00,2.752711480947676037e-01,2.680102794637475028e-01
1.292000000000000037e+00,2.747211570491044919e-01,2.671241141110104467e-01
1.294000000000000039e+00,2.741722648202049584e-01,2.666669886764810871e-01
1.296000000000000041e+00,2.736244692080029850e-01,2.662889020821853081e-01
1.298000000000000043e+00,2.730777680166712740e-01,2.658363669581493283e-01
1.300000000000000044e+00,2.725321590546098127e-01,2.653213504650535626e-01
1.302000000000000046e+00,2.719876401344344941e-01,2.648105608072470196e-01
1.304000000000000048e+00,2.714442090739885849e-01,2.642877212603406689e-01
1.306000000000000050e+00,2.709018637561284026e-01,2.638388071198844442e-01
1.308000000000000052e+00,2.703606020467524962e-01,2.631959147315940384e-01
1.310000000000000053e+00,2.698204217813548467e-01,2.622927892123231297e-01
1.312000000000000055e+00,2.692813207997512559e-01,2.612273402316915294e-01
1.314000000000000057e+00,2.687432969460696874e-01,2.605319279045693603e-01
1.316000000000000059e+00,2.682063480687406631e-01,2.600345826308127495e-01
1.318000000000000060e+00,2.676704720204878818e-01,2.588143744454625139e-01
1.320000000000000062e+00,2.671356666583182826e-01,2.591423199984795311e-01
1.322000000000000064e+00,2.666019298435128304e-01,2.579995825073859161e-01
1.324000000000000066e+00,2.660692594416167456e-01,2.578879048689620701e-01
1.326000000000000068e+00,2.655376533224299562e-01,2.581903579804350479e-01
1.328000000000000069e+00,2.650071093599977168e-01,2.576981092967295939e-01
1.330000000000000071e+00,2.644776254326005605e-01,2.574165044394137736e-01
1.332000000000000073e+00,2.639491994227452509e-01,2.572929844679932021e-01
1.334000000000000075e+00,2.634218292171549014e-01,2.566885400894958758e-01
1.336000000000000076e+00,2.628955127067594821e-01,2.559621567663860064e-01
1.338000000000000078e+00,2.623702477866863281e-01,2.558683257460326876e-01
1.340000000000000080e+00,2.618460323562503134e-01,2.541985190889760604e-01
1.342000000000000082e+00,2.613228643189445255e-01,2.542536186754610350e-01
1.344000000000000083e+00,2.608007415824306063e-01,2.532552367309148789e-01
1.346000000000000085e+00,2.602796620585292597e-01,2.522247408234112309e-01
1.348000000000000087e+00,2.597596236632103706e-01,2.514996830815190432e-01
1.350000000000000089e+00,2.592406243165838453e-01,2.502020084119564447e-01
1.352000000000000091e+00,2.587226619428897312e-01,2.483091372874321745e-01
1.354000000000000092e+00,2.582057344704888902e-01,2.482667615303182640e-01
1.356000000000000094e+00,2.576898398318531180e-01,2.469978446508851733e-01
1.358000000000000096e+00,2.571749759635557631e-01,2.461642532276601125e-01
1.360000000000000098e+00,2.566611408062623445e-01,2.457801799495551165e-01
1.362000000000000099e+00,2.561483323047203942e-01,2.451380971454892588e-01
1.364000000000000101e+00,2.556365484077505190e-01,2.449200332557137649e-01
1.366000000000000103e+00,2.551257870682365203e-01,2.442035253485836943e-01
1.368000000000000105e+00,2.546160462431156235e-01,2.440375830340599517e-01
1.370000000000000107e+00,2.541073238933694300e-01,2.438067392238030262e-01
1.372000000000000108e+00,2.535996179840138698e-01,2.435550355224351815e-01
1.374000000000000110e+00,2.530929264840898751e-01,2.433904476456958677e-01
1.376000000000000112e+00,2.525872473666536111e-01,2.434199612294292991e-01
1.378000000000000114e+00,2.520825786087671494e-01,2.432242682133640976e-01
1.380000000000000115e+00,2.515789181914886430e-01,2.428104484993418577e-01
1.382000000000000117e+00,2.510762640998629447e-01,2.415753529491038443e-01
1.384000000000000119e+00,2.505746143229119482e-01,2.411163749150223301e-01
1.386000000000000121e+00,2.500739668536250404e-01,2.403819953776140939e-01
1.388000000000000123e+00,2.495743196889493865e-01,2.399671577263241817e-01
1.390000000000000124e+00,2.490756708297806599e-01,2.390052386149063290e-01
1.392000000000000126e+00,2.485780182809530503e-01,2.396036830281546848e-01
1.394000000000000128e+00,2.480813600512300765e-01,2.397714130683852862e-01
1.396000000000000130e+00,2.475856941532948996e-01,2.396641778972994630e-01
1.398000000000000131e+00,2.470910186037406087e-01,2.390455401410306047e-01
1.400000000000000133e+00,2.465973314230606450e-01,2.388361101020092525e-01
1.402000000000000135e+00,2.461046306356395597e-01,2.386998075925458596e-01
1.404000000000000137e+00,2.456129142697429935e-01,2.381527302772853960e-01
1.406000000000000139e+00,2.451221803575084346e-01,2.377743609440129413e-01
1.407999999999999918e+00,2.446324269349354763e-01,2.369809939056767567e-01
1.409999999999999920e+00,2.441436520418761580e-01,2.370652066566906191e-01
1.411999999999999922e+00,2.436558537220256948e-01,2.366206016607464158e-01
1.413999999999999924e+00,2.431690300229126522e-01,2.363138797918965528e-01
1.415999999999999925e+00,2.426831789958894259e-01,2.362216135660262228e-01
1.417999999999999927e+00,2.421982986961227491e-01,2.345103165472939011e-01
1.419999999999999929e+00,2.417143871825838397e-01,2.343439180812872946e-01
1.421999999999999931e+00,2.412314425180393240e-01,2.341155805589008598e-01
1.423999999999999932e+00,2.407494627690411892e-01,2.334678739766500033e-01
1.425999999999999934e+00,2.402684460127992860e-01,2.328221727012553810e-01
1.427999999999999936e+00,2.397883903475156453e-01,2.322147265068171818e-01
1.429999999999999938e+00,2.393092938548725124e-01,2.316713464031583958e-01
1.431999999999999940e+00,2.388311546184953282e-01,2.302341071476938228e-01
1.433999999999999941e+00,2.383539707258005291e-01,2.300667683741607905e-01
1.435999999999999943e+00,2.378777402679864428e-01,2.294509509590772489e-01
1.437999999999999945e+00,2.374024613400245176e-01,2.287530164021152890e-01
1.439999999999999947e+00,2.369281320406498581e-01,2.277972454957755133e-01
1.441999999999999948e+00,2.364547504723528426e-01,2.268036603398772000e-01
1.443999999999999950e+00,2.359823147413696309e-01,2.262286043230741228e-01
1.445999999999999952e+00,2.355108229576731993e-01,2.255708392012862329e-01
1.447999999999999954e+00,2.350402732349645418e-01,2.253558114901147436e-01
1.449999999999999956e+00,2.345706636906638165e-01,2.255185491842946477e-01
1.451999999999999957e+00,2.341019924459006585e-01,2.268248790895784350e-01
1.453999999999999959e+00,2.336342576255060199e-01,2.266486665039698090e-01
1.455999999999999961e+00,2.331674573580024834e-01,2.260377486504765443e-01
1.457999999999999963e+00,2.327015897755956020e-01,2.259387356548252790e-01
1.459999999999999964e+00,2.322366530141649621e-01,2.247917025266889246e-01
1.461999999999999966e+00,2.317726452132549131e-01,2.249063769892654663e-01
1.463999999999999968e+00,2.313095645160656577e-01,2.244033720028954237e-01
1.465999999999999970e+00,2.308474090694445369e-01,2.235942170847027011e-01
1.467999999999999972e+00,2.303861770238764262e-01,2.243322581514848868e-01
1.469999999999999973e+00,2.299258665334753260e-01,2.239294284231347909e-01
1.471999999999999975e+00,2.294664757559749801e-01,2.235616051654658876e-01
1.473999999999999977e+00,2.290080028527201328e-01,2.223920476789254252e-01
1.475999999999999979e+00,2.285504459886573136e-01,2.210685609604320367e-01
1.477999999999999980e+00,2.280938033323258451e-01,2.199212159446521098e-01
1.479999999999999982e+00,2.276380730558489329e-01,2.193075956796464165e-01
1.481999999999999984e+00,2.271832533349248395e-01,2.188770735547538870e-01
1.483999999999999986e+00,2.267293423488173365e-01,2.179235680456768076e-01
1.485999999999999988e+00,2.262763382803472667e-01,2.165688331488778429e-01
1.487999999999999989e+00,2.258242393158832462e-01,2.158214832358055224e-01
1.489999999999999991e+00,2.253730436453327268e-01,2.155970497374676831e-01
1.491999999999999993e+00,2.249227494621329759e-01,2.160375072646593120e-01
1.493999999999999995e+00,2.244733549632420277e-01,2.158111970698161075e-01
1.495999999999999996e+00,2.240248583491299683e-01,2.151271597970454696e-01
1.497999999999999998e+00,2.235772578237693597e-01,2.141493010380671191e-01
1.500000000000000000e+00,2.231305515946268025e-01,2.139316624382809340e-01
1.502000000000000002e+00,2.226847378726536097e-01,2.129558896444779525e-01
1.504000000000000004e+00,2.222398148722770084e-01,2.133933708899027337e-01
1.506000000000000005e+00,2.217957808113908136e-01,2.121203834155996615e-01
1.508000000000000007e+00,2.213526339113468244e-01,2.116810852710450663e-01
1.510000000000000009e+00,2.209103723969456368e-01,2.118809467908183974e-01
1.512000000000000011e+00,2.204689944964274007e-01,2.118341662745760745e-01
1.514000000000000012e+00,2.200284984414632161e-01,2.113124397074065408e-01
1.516000000000000014e+00,2.195888824671459183e-01,2.107627145732742235e-01
1.518000000000000016e+00,2.191501448119812512e-01,2.098555477682970682e-01
1.520000000000000018e+00,2.187122837178784307e-01,2.091747083440446131e-01
1.522000000000000020e+00,2.182752974301416238e-01,2.102613494449958875e-01
1.524000000000000021e+00,2.178391841974608445e-01,2.097685071020464753e-01
1.526000000000000023e+00,2.174039422719025727e-01,2.106766263110496085e-01
1.528000000000000025e+00,2.169695699089012608e-01,2.129140682783257632e-01
1.530000000000000027e+00,2.165360653672499802e-01,2.201287390046297587e-01
1.532000000000000028e+00,2.161034269090916504e-01,2.510871212042565803e-01
